{
    "gps_lat": 0,
    "gps_lon": 0,
    "focallength_x_px": 7793.579590644149,
    "focallength_y_px": 7729.7501896132735,
    "center_x_px": 3088.9144137827957,
    "center_y_px": 2205.1664456759327,
    "image_height_px": 4016,
    "image_width_px": 6016,
    "sensor_height_mm": 24,
    "sensor_width_mm": 36,
    "elevation_m": 0,
    "tilt_deg": -93.50940860197682,
    "roll_deg": 179.54728783590699,
    "heading_deg": -148.65605378639142,
    "pos_x_m": 0,
    "pos_y_m": 0,
    "k1": 0.02896447702875916,
    "k2": 0,
    "k3": 0
}